,Title,Price,MRP,Discount,Reviews
0,Durex Intense Condoms for her - 10 Count | Dotted and Ribbed condom with Desirex gel,314.0,31.4,-900.0000000000002,4.1
1,Durex Close Fit Invisible Condoms for Men - 10s | Ultra Thin Condom,371.0,37.1,-899.9999999999998,3.8
2,Manforce Xotic Strawberry Flavoured Condoms for Men | 40 pcs | Extra Dotted & Lubricated Latex Condoms | For Enhanced Pleasure of Both| Indiaâ€™s No. 1* Condom Brand for Safe Sex,245.0,61.25,-300.0,4.0
3,Moods All Night -20's Condom With 2 Piece Extra,140.0,5.83,-2301.372212692967,3.1
4,Okamoto Condom | Ultra Thin Condoms for Men | Thinnest Premium Snug Fit Condoms | Made In Japan | 0.03 mm thin | 003 Realfit (Pack of 1),445.0,44.5,-900.0,4.0
5,Bold Care 404 All-In-One Multi-Flavour Condoms Pack - 2 x 5 Assorted condoms in each pack - (Pack of 3),249.0,83.0,-200.0,4.2
6,"Manforce Overtime Combo | 20 pcs | Orange & Pineapple Flavoured | Dotted, Contoured & Ribbed Condoms | For Long-Lasting Pleasure Of Both | Indiaâ€™s No. 1* Condom Brand for Safe Sex",226.0,11.3,-1899.9999999999995,3.9
7,Notty Boy BiggBang Long Lasting Condoms 10 Pcs | Dotted and ribbed texture with delay lubricant,159.0,15.9,-900.0,3.6
8,SellRider Dragon Condom 8-Inch For Mens,259.0,259.0,0.0,3.0
9,"Durex Condoms, Extra Ribbed- 10s (Pack of 3)",814.0,27.13,-2900.3685956505715,4.3
10,SKYN Intense Feel Super Dotted Condoms for Her (10 count) and SKYNÂ® Elite ultra thin and ultra soft premium condoms (9 Count) Pack of 19 condoms | Feel Everything | Latex Free,627.0,33.0,-1800.0,5.0
11,"Lelo Hex The Re-Engineered Luxury Condoms With Unique Hexagonal Structure, 12 Count",3377.0,281.47,-1099.7726223043308,4.3
12,"NOTTY BOY Combo Condom Set â€“ Raised Dots, 3-In-One Ribbed, Dotted, Contoured, Extra Lubricated, Strawberry, Bubblegum, Banana and Chocolate Flavoured - 80 Pieces",459.0,5.74,-7896.515679442508,4.1
13,"Plush LoveGlove Extra Super Dotted Condoms For Men, Unflavoured - 10 Count | Naturally Sourced Latex For Sensitive Skin | Designed For Comfortable Fit, No Benzocaine, Vegan",269.0,26.9,-900.0,4.2
14,"Bleu Spiral Toxin Free Condoms for Men - Unique Shaped head (first in India) for enhanced stimulation, improved experience, vegan & odourless , Pack of 2 (16 Count)",295.0,18.44,-1499.7830802603034,3.8
15,"KAMA SUTRA Pleasure Series Condoms for Men, SuperThin Condoms, Extra Thin for Natural Sensations, 20 Premium Condoms",185.0,9.25,-1900.0,4.0
16,"Okamoto Condoms | Crown - Ultra Thin Condoms for Male | Harmony - Dotted Condoms for Mens | Combo Pack (Pack of 2, 20 Counts)",399.0,19.95,-1900.0,3.9
17,KAMA SUTRA Condoms - Longlast (Pack Of 20),230.0,11.5,-1900.0,3.9
18,Bold Care 404 Super Ultra Thin Chocolate Flavored Condoms For Men - 60 Microns - 10 Units + Bold Care 404 Super Ultra Thin Strawberry Flavored Condoms For Men - 60 Microns - 10 Units - Combo pack,169.0,16.9,-900.0,3.8
19,"Kamasutra Orgamax & Longlast Condom Combo- 24 Condoms Condom (Set of 2, 12 Each, 24 Sheets)",245.0,10.21,-2299.6082272282074,4.0
20,"KamaSutra Pleasure Series Condoms for Men, LongLast Condoms, Contains Active Ingredient for Climax Delay, Dotted Texture, 20 Premium Condoms (Pack of 2)",305.0,7.63,-3897.37876802097,4.1
21,"Trojan Magnum Xl Lubricated Condoms, 12 Count",1244.0,103.67,-1099.9614160316387,4.7
22,"Bleu Ultra Thin Condoms for Men - 8 Count | Vegan, Toxin Free & 100% Natural Latex for Extra Sensitive Skin, Reduced Itchiness & Irritation",149.0,18.63,-699.7852925389158,3.6
23,"Okamoto 0.02 - Japan's Best | Thinnest Condom In India | 1st Time in India - Non Latex PU Condom | Super Thin | Super Strong | Imported from Japan | 0.02 mm Ultra Thin (Pack of 1, 6s)",549.0,91.5,-500.0,3.9
24,Okamoto Condom | Ultra Thin Condoms for Men | Thinnest Premium Japanese Condoms | Made In Japan | 0.03 mm thin | 003 Platinum (Pack of 1),459.0,45.9,-900.0,4.1
25,Okamoto Condom | Ultra Thin Condoms for Men | Thinnest Premium Snug Fit Condoms | Made In Japan | 0.03 mm thin | 003 Realfit (Pack of 1),445.0,44.5,-900.0,4.0
26,"NOTTY BOY DingDong Green Apple Flavoured Extra Thin Condoms For Men- Pack of 3, 30pcs | Organic Latex | Safe For Oral | Fun and Playful | Flavourful Protection",249.0,8.3,-2899.9999999999995,4.1
27,Durex Intense Condoms for her - 10 Count | Dotted and Ribbed condom with Desirex gel,314.0,31.4,-900.0000000000002,4.1
28,Bold Care Ultra Thin Lubricated Condoms (Pack Of 10) For Men With Disposable Pouches And 4.5% Benzocaine | 60 Microns | Paraben Free | Close Fit Barely There Condom | Transparent Extra Thin Condom,170.0,17.0,-900.0,4.0
29,Durex Real Feel Condoms For Men | Latex Free 10 Count Pack Of 3,1347.0,44.9,-2900.0,4.1
30,KamaSutra SkinFEEL Thinnest Condom for Men | Skin to Skin Sensation | Combo Pack of 10,189.0,18.9,-900.0,4.0
31,Bold Care 404 Variety Pack with 2 x 5 Assorted Condoms in each pack - 10 Units (Pack of 1),99.0,99.0,0.0,4.0
32,KAMA SUTRA Ultrathin+ Condom For Men | For Closest Feel For Couple | Combo Pack Of 10,225.0,22.5,-900.0,4.0
33,KamaSutra LongLast Condom for Men | Dotted | Combo Pack of 12,100.0,8.33,-1100.480192076831,3.9
34,"Lubex 6 in 1 Condoms - Long Lasting, Extra Dotted with Condom Disposable Bags - Extra Ribbed for Girls & Extra Time for Men - Strawberry Flavour - Combo Pack of 12 Condoms",189.0,15.75,-1100.0,4.3
35,"Manforce Combo - Xotic Chocolate, Strawberry & Litchi Flavoured | 30 pcs |Extra Dotted, Contoured, & Lubricated Latex Condoms",258.0,8.6,-2900.0000000000005,4.2
36,Bold Care Ultra Thin Lubricated Condoms (Pack Of 10) For Men With Disposable Pouches And 4.5% Benzocaine | 60 Microns | Paraben Free | Close Fit Barely There Condom | Transparent Extra Thin Condom,170.0,17.0,-900.0,4.0
37,Durex Real Feel Condoms for Men - 10 Count | Latex Free,455.0,45.5,-900.0,4.1
38,"Durex Multi-pack Condoms for Men (Extra Time, Extra Dotted, Extra Ribbed, Extra Time) - 10 count (Pack of 4)",908.0,22.7,-3900.0,4.3
39,KamaSutra SkinFEEL Thinnest Condom for Men | Skin to Skin Sensation | Combo Pack of 10,189.0,18.9,-900.0,4.0
40,Manforce Epic Pleasure| Ultra Thin Condom | Long Lasting Pleasure for Both | Raspberry Flavour | 10 Pcs |,226.0,22.6,-900.0,4.0
41,Bold Care 404 Super Ultra Thin Chocolate Flavored Condoms + Bold Care 404 Super Ultra Thin Bubblegum Flavored Condoms + Bold Care 404 Super Ultra Thin Strawberry Flavored Condoms - Combo pack - 30 Pcs,249.0,8.3,-2899.9999999999995,4.1
42,Manforce Epic ThinX | 0.03mm Ultra Thin Condoms for High Sensitivity | 10 Pcs,339.0,33.9,-900.0000000000002,4.2
43,Durex Bubblegum Flavoured Condoms - 12 Count,139.0,139.0,0.0,4.1
44,"Kama Sutra Flavours Dotted Condoms - Pack of 10, 100 No's",666.0,6.66,-9900.0,3.9
45,Durex Mutual Climax Condoms for Men & Women - 10 Count (Pack of 3) | Extra Dotted and Ribbed Condoms,1099.0,36.63,-2900.2730002729995,4.2
46,Durex Extra thin Bubblegum Flavoured Condoms For Men- 10s,134.0,13.4,-900.0,4.2
47,"Durex Pleasure Packs (Extra Time 10s, Extra Ribbed 10s)- Pack of 2",483.0,24.15,-1900.0000000000005,4.2
48,Manforce Ultra Feel Bubblegum Flavoured Condoms for Men | 20 pcs | Ultra Thin Condom | Lubricated Latex Condoms For Her Enhanced Pleasure | Indiaâ€™s No. 1* Condom Brand for Safe Sex,267.0,133.5,-100.0,4.0
49,"Durex Extra Thin Flavoured Condoms, 12s, Pack of 3 (Bubblegum + Chocolate + Strawberry)",409.0,136.33,-200.00733514266847,4.0
50,Durex Air Condoms 10s And Durex Spray Combo,595.0,297.5,-100.0,3.0
51,"Durex Condoms, Extra Time- 3s",87.0,29.0,-200.0,4.1
52,Bold Care 404 All-In-One Multi-Flavour Condoms Pack - 2 x 5 Assorted condoms in each pack - 10 Count (Pack of 1),99.0,99.0,0.0,3.8
53,Skore Blues - 10 Pieces,72.0,7.2,-900.0,4.0
54,Adult Zone Janvi Enterprise Dragon 6-Inch Condom For Men,249.0,249.0,0.0,3.3
55,Durex Pleasure Packs (Condoms - 10 Count (Extra Dots) & 10 Count (Extra Ribbed),483.0,241.5,-100.0,4.0
56,"NOTTY BOY Condoms Special Honeymoon Pack For Couples - Extra Lubricated, 3-In-One Ribbed, Dotted, Contoured, Raised Dots, Thin Strawberry And Chocolate Flavoured Condom - Pack of 50",323.0,6.46,-4900.0,4.3
57,Skore Notout - 10 Pieces (Pack of 4),395.0,9.88,-3897.9757085020237,4.0
58,Durex Real Feel Condoms For Men | Latex Free 10 Count Pack Of 3,1347.0,44.9,-2900.0,4.1
59,Bold Care 404 Extra Dotted Condom For Men | 10 Condoms With Disposable Pouch | Electronically Tested | 576 Dots 70 Microns | Ribbed Condom | Extra Thin Condom With Real Fit,149.0,149.0,0.0,4.1
60,"KAMA SUTRA Luxury Series Condoms for Men , Orgasmax (4in1) Condoms , Ribbed, Dotted, Contoured, and Climax Delay, 12 Pieces",149.0,12.42,-1099.6779388083737,3.9
61,Skore Duo Max - Premium Condoms for Him and Her | Dotted & Ribbed with Disposal Pouches |1 Pack (10 pieces),225.0,22.5,-900.0,4.0
62,Skore Nothing Thinnest Pleasure Condoms | Flavored Chocolate & Strawberry | With Disposal Pouches| Pack of 2 | 10's each,249.0,12.45,-1900.0000000000005,4.2
63,Durex Extra Dotted Condoms for Men - 10 Count (Pack of 3) | Ribbed and Dotted Condoms,702.0,23.4,-2900.0000000000005,4.3
64,Skyn Elite Ultra Thin and Ultra Soft Non Latex Condoms for men - Pack of 12 count|Feel Everything|Latex Free,484.0,40.33,-1100.099181750558,4.3
65,"Manforce Combo, Lubricated Flavoured Condoms for Men | 40 pcs | Chocolate, Strawberry, Black Grapes, Melon & Mint | Indiaâ€™s No. 1* Condom Brand for Safe Sex",414.0,10.35,-3900.0,4.2
66,Durex Close Fit Invisible Condoms for Men - 3s | Ultra Thin Condom,154.0,51.33,-200.01948178453145,3.9
67,Lubex 6 in 1 Extra Time Condoms - Long Lasting with Disposable Bags - Ultra Thin & Extra Dotted - Natural Unflavoured - 12 Condom (Pack of 1),189.0,15.75,-1100.0,3.9
68,Durex Extra Thin Condoms for Men - 10 Count (Pack of 3),708.0,23.6,-2899.9999999999995,4.3
69,KamaSutra Long Last Condom - 20 Pieces (Pack of 3),444.0,7.4,-5900.0,4.1
70,"KamaSutra Mango Pleasure Flavored Condoms, Fun of Flavors for Men & Women, Dotted for Extra Stimulation, Clear, 10 Count",81.0,8.1,-900.0000000000002,3.9
71,Durex Extra Time Condoms for Men - 10 Count (Pack of 3),575.0,19.17,-2899.4783515910276,4.2
72,Bold Care 404 Super Nano Thin Lubricated Condoms For Men With Disposable Pouches | 50 Microns | 10 Units | Close Fit With A Barely There Feel | Transparent Extra Thin Condom,129.0,12.9,-900.0,4.0
73,Durex Air Condoms for Men - 10 Count (Pack of 3),575.0,19.17,-2899.4783515910276,4.3
74,"Bold Care Mutual Pleasure Dotted (576 Dots), Ribbed & D-LAY Condoms (Pack of 10) | Ultra thin with benzocaine & menthol lubrication | 60 Microns | Comes with Disposable pouch | Gold Standard Latex",199.0,199.0,0.0,4.0
75,Manforce Epic ThinX | 0.03mm Ultra Thin Condoms for High Sensitivity | 3 Pcs,125.0,41.67,-199.9760019198464,4.2
76,OKAMOTO Japanâ€™s Best Crown Condoms | Ultra thin Condoms | No. 1 in Japan | 2 x 10s,339.0,16.95,-1900.0,4.2
77,"Bleu Spiral Toxin Free Condoms for Men - Unique Shaped head (first in India) for enhanced stimulation, improved experience, vegan & odourless , Pack of 2 (16 Count)",295.0,18.44,-1499.7830802603034,3.8
78,Okamoto Crown Condom | Japans Best Condoms For Men | Ultra Thin Condoms For Male | (Pack Of 4).,569.0,14.23,-3898.594518622628,3.8
79,KAMA SUTRA Dotted Condom (100 Condoms),666.0,6.66,-9900.0,3.8
80,"NOTTY BOY Multi Variety Condoms Combo - 3-In-One Ribbed Contoured Dotted, Super 1500 Dots, OverTime Climax Delay, Ultra Thin Condom For Men- Pack Of 4, 40 Count",287.0,7.18,-3897.214484679666,4.1
81,"NOTTY BOY Honeymoon Condoms Package- Ribbed, Long Lasting, Extra Lubricated, Dotted, Ultra Thin Strawberry Flavoured and Anatomical Shape Condoms - Pack of 50",339.0,6.78,-4900.0,4.9
82,Okamoto Skinless Skin Condoms For Men - Ultra Thin (6 x 10s),555.0,9.25,-5900.0,4.3
83,Okamoto Crown Condom | Ultra Thin Condoms for Male | Super Thin & Super Soft Condom(Pack of 1),195.0,19.5,-900.0,3.8
84,Carex Powershot 10 Extra Time Dotted Condoms X 2,248.0,12.4,-1900.0,4.1
85,Lubex 6 in 1 Extra Time Condoms - Long Lasting with Disposable Bags - Ultra Thin & Extra Dotted - 36 Condom (Pack of 3),449.0,12.47,-3500.6415396952684,3.9
86,"Manforce Overtime Pineapple, Litchi and Grape Flavoured Condoms 30 Pieces (Pack of 3)",287.0,2.45,-11614.285714285714,3.7
87,"Skore Condoms, Zig Zag 10N Carton",114.0,11.43,-897.3753280839894,4.0
88,Durex Extra Thin Wild Strawberry Flavoured Condoms For Men - 10s,93.0,9.3,-900.0,4.2
89,Durex DUR IN CON AIR 3UNX27,90.0,30.0,-200.0,4.0
90,Trojan Lubricated Latex Condoms Pleasure Pack 12 Pack,969.0,80.75,-1100.0,4.5
91,OKAMOTO Japanâ€™s Best Crown Condoms | Ultra thin Condoms | No. 1 in Japan | 2 x 10s,339.0,16.95,-1900.0,4.2
92,Durex Air Condoms for Men - 10 Count (Pack of 2) |Suitable for use with lubes & toys,483.0,24.15,-1900.0000000000005,4.4
93,"Manforce Overtime Pineapple Flavoured Condoms for Men | 10 pcs | Dotted, Contoured & Ribbed Condoms | For Long-Lasting Pleasure Of Both | Indiaâ€™s No. 1* Condom Brand for Safe Sex",120.0,12.0,-900.0,3.7
94,"ForMen JOYMAX Dotted & Lubricated Condoms for Men | 540 Big Dots, 100% Electronically Tested for Durability | 10 Disposable Pouches | Chocolate Flavour - 10 Count",139.0,13.9,-900.0,3.8
95,Durex Mutual Climax Condoms for Men & Women - 3 Count |Extra Dotted and Ribbed for Pleasure | Performa Lubricant for Long Lasting Climax Delay|Suitable for use with lubes & toys,120.0,40.0,-200.0,4.2
96,Bold Care Ultra Thin Long Last Condoms - Pack of 20 - Lubricated - Natural Latex,239.0,119.5,-100.0,4.0
97,"NOTTY BOY Checkmate Ultra Thin Chocolate Flavoured Condoms For Men - 10 Pieces (Pack Of 1) Proper Fit | Convenient To Carry | Extra Sensation And Transparent, Natural Feeling",159.0,15.9,-900.0,3.2
98,"NOTTY BOY BiggBang 4in1 Multi Textured Condoms For Man- 40 Pieces | Dotted Surface, Ribbed Texture, Contoured Shape, Delay | Natural and Comfort Feel",299.0,7.48,-3897.326203208556,3.9
99,"Bold Care EXTENDâ„¢ Non-Transferable Spray for Men - 20g (Pack of 1) + Bold Care Ultra Thin Long Last Condoms - Lubricated, Natural Latex (Pack of 3) - Combo",289.0,144.5,-100.0,4.0
100,Manforce Litchi Flavoured Extra Dotted Condoms for Men | 40 pcs | Lubricated Latex Condoms For Her Enhanced Pleasure | Indiaâ€™s No. 1* Condom Brand for Safe Sex,368.0,9.2,-3900.000000000001,4.0
101,"NOTTY BOY BiggBang 4in1 Multi Textured Condoms For Man- 40 Pieces | Dotted Surface, Ribbed Texture, Contoured Shape, Delay | Natural and Comfort Feel",299.0,7.48,-3897.326203208556,3.9
102,ForMen JOYMAX Ultra Thin Delay Condoms for men - 10 Count | Super Thin with Lubricant | Electronically Durability | with Disposal Pouches,139.0,13.9,-900.0,3.6
103,"PEESAFE Domina Female Condom with Soft Inner Sponge No Artificial ColourDye Made with Natural Rubber Latex Lavender Fragrance With Biodegradable Disposable Bags, 4 count",279.0,69.75,-300.0,3.3
104,Manforce Cocktail Chocolate & Hazelnut Dotted & Flavoured Condoms for Men | 50 pcs | Extra Dotted | For Her Enhanced Pleasure | Indiaâ€™s No. 1* Condom Brand for Safe Sex,325.0,65.0,-400.0,2.8
105,SellRider Imported Dragon condom for mens (5 INCH),280.0,280.0,0.0,3.0
106,"Durex Extra Thin Flavoured Condoms, 10s, Pack of 3 (Bubblegum + Chocolate + Strawberry)",454.0,15.13,-2900.6609385327165,4.2
107,PEESAFE Domina Female Condom with Soft Inner Sponge - Count 2 | No Artificial Colour/Dye | Made with Natural Rubber Latex | Lavender Fragrance | With 2 Biodegradable Disposable Bags,159.0,79.5,-100.0,3.3
108,Premium Classy Big Size Extra Size 6 inch Condom for Mens,489.0,489.0,0.0,3.7
109,Manforce Epic Combo - Passion & Pleasure | Extra Dotted Condoms | Long Lasting Pleasure for Both | 20 Pcs,345.0,17.25,-1900.0,4.0
